task,setup,run,passed,start,end,orchestration_s,session_s,generation_s,billed_usd,sole_usd,steps,tokens_in,tokens_out
abs-module-cache-flags,opus,run1,1,1784140585.369,1784141410.087,824.7,733.2,677.2,4.2028,4.2028,83,5011301,48443
abs-module-cache-flags,opus,run2,1,1784140585.387,1784141459.497,874.1,782.4,738.0,4.7256,4.7256,82,5727390,52488
abs-module-cache-flags,opus,run3,1,1784141014.609,1784141882.620,868.0,801.9,840.7,4.8052,4.8052,82,5116362,53848
abs-module-cache-flags,opus,run4,1,1784141198.586,1784141940.301,741.7,676.8,748.8,3.9952,3.9952,69,3787416,48503
abs-stepped-slices,opus,run1,1,1784141459.499,1784142213.645,754.1,692.4,651.0,3.988,3.988,76,4664277,48143
abs-stepped-slices,opus,run2,0,1784141858.325,1784142849.403,991.1,927.1,858.3,5.5741,5.5741,87,6675627,65101
abs-stepped-slices,opus,run3,1,1784141932.913,1784142721.673,788.8,727.1,689.7,4.3339,4.3339,75,5129477,51646
abs-stepped-slices,opus,run4,0,1784142213.647,1784143137.742,924.1,860.4,812.4,4.8153,4.8153,73,5357194,63048
actionlint-action-pinning-lint,opus,run1,1,1784142298.521,1784143064.467,765.9,682.7,644.6,4.3526,4.3526,67,4969790,50212
actionlint-action-pinning-lint,opus,run2,1,1784142721.675,1784143594.619,872.9,814.1,775.4,5.305,5.305,78,6343886,58310
actionlint-action-pinning-lint,opus,run3,1,1784142946.581,1784143844.873,898.3,840.2,783.6,5.5594,5.5594,71,6668525,59037
actionlint-action-pinning-lint,opus,run4,1,1784143139.533,1784143995.403,855.9,797.1,750.7,5.7128,5.7128,73,7103673,56886
adaptix-name-mapping-aliases,opus,run1,1,1784143558.689,1784144997.751,1439.1,1337.0,1158.3,10.3489,10.3489,122,14653974,83118
adaptix-name-mapping-aliases,opus,run2,1,1784143844.875,1784145153.418,1308.5,1242.8,1241.8,11.1473,11.1473,127,15113853,81070
adaptix-name-mapping-aliases,opus,run3,1,1784144290.113,1784145842.252,1552.1,1474.6,1324.6,12.5978,12.5978,146,18485160,91426
adaptix-name-mapping-aliases,opus,run4,1,1784144718.219,1784146231.423,1513.2,1446.6,1378.3,12.3303,12.3303,126,17910347,90908
aiomonitor-task-snapshots-diff,opus,run1,1,1784145153.421,1784145921.490,768.1,700.8,674.3,5.0079,5.0079,75,6025248,52906
aiomonitor-task-snapshots-diff,opus,run2,1,1784145548.489,1784146351.343,802.9,757.4,732.1,5.2779,5.2779,69,6342034,56682
aiomonitor-task-snapshots-diff,opus,run3,1,1784145829.403,1784146607.107,777.7,732.4,702.2,5.3297,5.3297,92,6648697,53992
aiomonitor-task-snapshots-diff,opus,run4,0,1784146045.201,1784146821.104,775.9,730.7,701.8,5.8736,5.8736,81,7759753,51998
anko-default-function-arguments,opus,run1,1,1784146351.345,1784147883.483,1532.1,1444.5,1380.6,8.1825,8.1825,72,9248815,101766
anko-default-function-arguments,opus,run2,1,1784146607.109,1784148229.504,1622.4,1556.2,1469.5,8.9706,8.9706,78,10734782,103620
anko-default-function-arguments,opus,run3,1,1784147052.977,1784148935.166,1882.2,1811.8,1734.0,9.0666,9.0666,84,10407118,114735
anko-default-function-arguments,opus,run4,1,1784147521.901,1784148959.314,1437.4,1369.2,1251.3,8.229,8.229,81,10148820,89682
anko-typed-variable-bindings,opus,run1,0,1784148272.083,1784148947.512,675.4,586.2,547.9,4.1058,4.1058,64,4978521,40438
anko-typed-variable-bindings,opus,run2,0,1784148481.678,1784149109.397,627.7,560.9,521.7,3.5282,3.5282,69,4234081,37672
anko-typed-variable-bindings,opus,run3,1,1784148741.607,1784149391.695,650.1,583.8,544.4,3.8014,3.8014,60,4562932,39463
anko-typed-variable-bindings,opus,run4,0,1784148955.302,1784149748.930,793.6,712.3,777.2,5.5604,5.5604,69,5883205,48054
arcane-drift-detection-baselines,opus,run1,1,1784149151.827,1784150338.024,1186.2,875.5,615.7,5.3385,5.3385,80,6611919,49956
arcane-drift-detection-baselines,opus,run2,1,1784149391.698,1784150684.343,1292.6,1019.8,757.1,6.97,6.97,93,9386983,58758
arcane-drift-detection-baselines,opus,run3,1,1784150244.601,1784151426.873,1182.3,915.1,647.1,5.8875,5.8875,88,7781437,49617
arcane-drift-detection-baselines,opus,run4,1,1784150497.268,1784151663.787,1166.5,903.6,628.3,5.4253,5.4253,82,7066469,49375
arktype-json-schema-refs-dependencies,opus,run1,1,1784151042.814,1784153123.334,2080.5,1926.0,1792.4,11.8785,11.8785,127,14814083,130997
arktype-json-schema-refs-dependencies,opus,run2,1,1784151426.874,1784154438.227,3011.4,2892.1,2643.6,20.7872,20.7872,197,29294628,186051
arktype-json-schema-refs-dependencies,opus,run3,0,1784152949.676,1784154651.250,1701.6,1575.4,1301.5,8.7831,8.7831,113,11084781,94331
arktype-json-schema-refs-dependencies,opus,run4,1,1784154000.329,1784156796.166,2795.8,2678.9,2527.9,18.1166,18.1166,149,22189242,171172
awilix-async-container-initialization,opus,run1,0,1784154758.002,1784155518.739,760.7,681.5,637.2,3.8062,3.8062,60,4207240,47557
awilix-async-container-initialization,opus,run2,0,1784154956.566,1784155767.593,811.0,755.0,722.9,4.1304,4.1304,58,4337758,56468
awilix-async-container-initialization,opus,run3,0,1784155448.413,1784156306.014,857.6,801.2,761.3,5.1928,5.1928,79,6236838,58673
awilix-async-container-initialization,opus,run4,1,1784155643.854,1784156492.365,848.5,792.8,754.1,4.5804,4.5804,65,5165593,57553
bandit-incremental-cache-control,opus,run1,0,1784156120.855,1784156946.656,825.8,712.9,733.2,5.0027,5.0027,64,5292874,51453
bandit-incremental-cache-control,opus,run2,1,1784156513.391,1784157393.808,880.4,792.2,722.3,4.9146,4.9146,74,5854689,54224
bandit-incremental-cache-control,opus,run3,1,1784156726.924,1784157612.054,885.1,797.8,749.1,5.7153,5.7153,71,6898245,62166
bandit-incremental-cache-control,opus,run4,0,1784156946.657,1784158018.239,1071.6,983.6,865.9,6.4439,6.4439,85,8007720,67193
bandit-interprocedural-taint-checks,opus,run1,1,1784157393.810,1784158195.499,801.7,721.1,675.5,4.3893,4.3893,86,5081512,49994
bandit-interprocedural-taint-checks,opus,run2,1,1784157612.056,1784158356.497,744.4,688.4,652.9,4.6541,4.6541,70,5650191,47927
bandit-interprocedural-taint-checks,opus,run3,1,1784158010.124,1784158664.073,653.9,593.9,565.2,3.6462,3.6462,64,4279607,39635
bandit-interprocedural-taint-checks,opus,run4,1,1784158365.679,1784159154.864,789.2,731.1,684.8,4.6712,4.6712,65,5471026,49701
bandit-structured-nosec-directives,opus,run1,0,1784158612.959,1784159759.046,1146.1,1059.4,1108.1,6.7035,6.7035,88,7113856,72885
bandit-structured-nosec-directives,opus,run2,0,1784158886.306,1784160034.781,1148.5,1089.6,1074.9,6.1659,6.1659,71,6728245,73758
bandit-structured-nosec-directives,opus,run3,0,1784201744.047,1784203136.051,1392.0,1221.5,1245.7,6.9541,6.9541,80,7463234,80591
bandit-structured-nosec-directives,opus,run4,0,1784201744.048,1784203182.344,1438.3,1353.0,1407.1,8.8935,8.8935,92,10244950,91327
boa-hierarchical-evaluation-cancellation,opus,run1,1,1784201744.050,1784204035.264,2291.2,1861.0,1388.4,11.1213,11.1213,100,13713768,85238
boa-hierarchical-evaluation-cancellation,opus,run2,1,1784203136.054,1784205814.052,2678.0,2054.3,1206.7,10.6901,10.6901,106,14931915,86284
boa-hierarchical-evaluation-cancellation,opus,run3,0,1784203941.295,1784206488.812,2547.5,2264.8,1328.9,10.2265,10.2265,96,13320230,96340
boa-hierarchical-evaluation-cancellation,opus,run4,0,1784204444.076,1784206553.199,2109.1,1824.8,1291.4,9.4766,9.4766,107,11827641,82550
cattrs-partial-structuring-recovery,opus,run1,0,1784206004.034,1784206915.927,911.9,743.1,598.1,3.8761,3.8761,60,4676263,41142
cattrs-partial-structuring-recovery,opus,run2,0,1784206581.106,1784207638.259,1057.2,1013.0,972.9,6.585,6.585,61,6900275,59308
cattrs-partial-structuring-recovery,opus,run3,0,1784207111.610,1784207942.741,831.1,785.8,635.3,4.2018,4.2018,52,4740014,46305
cattrs-partial-structuring-recovery,opus,run4,0,1784207505.022,1784208219.773,714.8,672.3,499.2,3.1209,3.1209,49,3535471,35175
clack-async-autocomplete-options,opus,run1,0,1784207777.422,1784208875.761,1098.3,1011.4,956.9,6.384,6.384,83,7966446,68239
clack-async-autocomplete-options,opus,run2,0,1784208078.305,1784209196.460,1118.2,1055.7,973.9,5.0878,5.0878,68,5360678,70339
clack-async-autocomplete-options,opus,run3,0,1784208313.811,1784209382.748,1068.9,1006.8,927.1,4.8066,4.8066,59,4764084,70782
clack-async-autocomplete-options,opus,run4,0,1784208848.446,1784209948.694,1100.2,1037.8,924.0,5.2894,5.2894,68,5887602,68096
claude-code-by-agents-recursive-delegation,opus,run1,1,1784209196.463,1784209776.927,580.5,514.1,502.6,2.4985,2.4985,41,2023008,40133
claude-code-by-agents-recursive-delegation,opus,run2,1,1784209382.750,1784210222.570,839.8,746.8,731.1,3.3606,3.3606,31,1892839,50234
claude-code-by-agents-recursive-delegation,opus,run3,0,1784209682.406,1784210229.753,547.3,503.7,490.3,2.5469,2.5469,48,2438154,37938
claude-code-by-agents-recursive-delegation,opus,run4,0,1784209865.414,1784210532.324,666.9,615.9,742.3,3.98,3.98,37,2384717,46215
cliffy-config-file-parsing,opus,run1,0,1784210145.367,1784211197.934,1052.6,962.4,937.1,7.0252,7.0252,81,8896039,64882
cliffy-config-file-parsing,opus,run2,0,1784210272.357,1784211248.910,976.6,926.8,1091.3,7.0962,7.0962,82,7569725,59435
cliffy-config-file-parsing,opus,run3,0,1784210532.325,1784211469.508,937.2,886.2,853.2,5.9591,5.9591,92,7761772,56081
cliffy-config-file-parsing,opus,run4,0,1784211106.282,1784212186.296,1080.0,1028.6,1007.0,7.6832,7.6832,109,10498749,65324
csstree-shorthand-expansion-compression,opus,run1,0,1784211248.913,1784212067.095,818.2,754.1,744.5,3.3448,3.3448,50,2989325,54242
csstree-shorthand-expansion-compression,opus,run2,0,1784211657.675,1784212562.427,904.8,861.3,852.7,3.6288,3.6288,48,3085428,61739
csstree-shorthand-expansion-compression,opus,run3,0,1784212067.096,1784212866.757,799.7,756.2,747.0,3.2298,3.2298,51,2763290,54508
csstree-shorthand-expansion-compression,opus,run4,0,1784212320.980,1784213179.633,858.7,815.1,801.5,3.6287,3.6287,50,3342502,59003
dateutil-rfc5545-timezone-interop,opus,run1,1,1784214040.312,1784214859.860,819.5,762.0,750.1,4.566,4.566,56,4847572,60521
dateutil-rfc5545-timezone-interop,opus,run2,0,1784214040.317,1784215284.490,1244.2,1186.4,1164.2,9.0263,9.0263,105,12077630,84228
dateutil-rfc5545-timezone-interop,opus,run3,0,1784214701.787,1784215649.535,947.7,898.8,871.5,5.6539,5.6539,71,6501635,62965
dateutil-rfc5545-timezone-interop,opus,run4,0,1784215142.397,1784216164.529,1022.1,972.9,947.2,6.366,6.366,76,7302118,71300
expr-try-catch-errors,opus,run1,0,1784215542.765,1784217295.370,1752.6,1572.0,1604.1,13.3402,13.3402,116,16155700,100433
expr-try-catch-errors,opus,run2,0,1784215724.342,1784217604.277,1879.9,1724.2,1620.6,12.8755,12.8755,113,17840224,108981
expr-try-catch-errors,opus,run3,1,1784217375.171,1784219129.989,1754.8,1595.7,1513.0,12.0609,12.0609,103,15729329,104010
expr-try-catch-errors,opus,run4,0,1784217604.279,1784219481.772,1877.5,1725.7,1757.3,13.7608,13.7608,113,16862740,108768
fastapi-deprecation-response-headers,opus,run1,0,1784218720.473,1784220004.916,1284.4,1157.1,1028.1,6.1801,6.1801,68,6871701,77486
fastapi-deprecation-response-headers,opus,run2,0,1784219194.286,1784220069.526,875.2,772.3,653.9,5.1361,5.1361,74,6879065,43382
fastapi-deprecation-response-headers,opus,run3,1,1784219436.266,1784220489.700,1053.4,950.1,850.1,5.8729,5.8729,72,7311978,61531
fastapi-deprecation-response-headers,opus,run4,1,1784220004.919,1784221177.410,1172.5,1068.9,989.6,6.3605,6.3605,90,8071518,67830
fd-deterministic-multi-key-sorting,opus,run1,0,1784220235.072,1784221191.751,956.7,885.5,978.0,6.5633,6.5633,68,6836061,61463
fd-deterministic-multi-key-sorting,opus,run2,0,1784220705.145,1784221608.081,902.9,854.0,816.3,5.5176,5.5176,67,6700607,57970
fd-deterministic-multi-key-sorting,opus,run3,0,1784221177.415,1784221896.026,718.6,670.5,786.6,5.9102,5.9102,63,6290780,45594
fd-deterministic-multi-key-sorting,opus,run4,0,1784221242.839,1784222072.069,829.2,779.3,855.6,6.1987,6.1987,66,6919652,54185
kcp-go-multiplexed-kcp-streams,opus,run1,0,1784221614.679,1784222843.814,1229.1,955.4,731.3,3.1368,3.1368,38,2470091,55441
kcp-go-multiplexed-kcp-streams,opus,run2,0,1784221896.028,1784223747.638,1851.6,1604.3,1286.2,5.5528,5.5528,58,5027507,93122
kcp-go-multiplexed-kcp-streams,opus,run3,0,1784297438.725,1784298677.610,1238.9,1158.8,888.1,3.897,3.897,50,3406330,66350
kcp-go-multiplexed-kcp-streams,opus,run4,1,1784222843.816,1784225284.353,2440.5,2368.7,1196.3,5.4254,5.4254,61,4840719,89227
kombu-single-active-consumer-priority,opus,run1,1,1784223481.121,1784224433.323,952.2,846.8,772.0,5.1172,5.1172,71,6004565,59892
kombu-single-active-consumer-priority,opus,run2,1,1784223878.726,1784224827.760,949.0,866.5,786.2,5.2749,5.2749,76,6348352,59098
kombu-single-active-consumer-priority,opus,run3,0,1784224321.467,1784225149.633,828.2,744.2,670.3,4.4911,4.4911,64,5280505,51334
kombu-single-active-consumer-priority,opus,run4,1,1784224632.511,1784225477.309,844.8,762.2,655.9,4.3051,4.3051,55,4842131,51946
kombu-virtual-queue-dead-lettering,opus,run1,0,1784297438.726,1784298353.489,914.8,822.0,761.3,4.8411,4.8411,68,5500511,58740
kombu-virtual-queue-dead-lettering,opus,run2,0,1784297438.726,1784298507.813,1069.1,977.3,907.1,6.259,6.259,85,7703671,68492
kombu-virtual-queue-dead-lettering,opus,run3,0,1784297438.725,1784298378.274,939.5,846.9,772.5,5.003,5.003,68,5712726,61381
kombu-virtual-queue-dead-lettering,opus,run4,0,1784297438.726,1784298393.184,954.5,861.8,796.3,4.9178,4.9178,68,5479832,61801
koota-deferred-mutation-buffer,opus,run1,0,1784297438.726,1784298898.336,1459.6,1404.2,1327.1,10.4584,10.4584,111,14400517,88941
koota-deferred-mutation-buffer,opus,run2,0,1784297438.730,1784298713.206,1274.5,1218.7,1161.9,7.9464,7.9464,86,9540252,81355
koota-deferred-mutation-buffer,opus,run3,0,1784297438.729,1784299852.630,2413.9,2357.8,2474.3,16.1615,16.1615,125,16744345,115952
koota-deferred-mutation-buffer,opus,run4,0,1784297438.730,1784298716.363,1277.6,1221.3,1178.4,7.6636,7.6636,85,9360111,82550
optique-conditional-option-dependencies,opus,run1,0,1784297438.730,1784298641.018,1202.3,1139.2,1107.1,10.2157,10.2157,75,13841647,80064
optique-conditional-option-dependencies,opus,run2,0,1784298353.491,1784299972.765,1619.3,1565.2,1538.9,16.253,16.253,124,24226702,107580
optique-conditional-option-dependencies,opus,run3,0,1784298378.276,1784299805.876,1427.6,1373.2,1357.8,15.4203,15.4203,103,22972285,96459
optique-conditional-option-dependencies,opus,run4,0,1784298393.186,1784300122.332,1729.1,1674.2,1258.0,12.4907,12.4907,94,17937176,87820
psd-tools-blend-range-api,opus,run1,1,1784298507.815,1784299248.348,740.5,676.0,593.1,4.0818,4.0818,76,5181864,40418
psd-tools-blend-range-api,opus,run2,1,1784298641.021,1784299365.517,724.5,660.6,606.3,3.7973,3.7973,70,4777809,39997
psd-tools-blend-range-api,opus,run3,1,1784298677.612,1784299593.008,915.4,851.7,812.8,5.0197,5.0197,78,6068749,57946
psd-tools-blend-range-api,opus,run4,1,1784298713.208,1784299503.078,789.9,725.4,651.7,4.143,4.143,68,4995042,47574
quill-shared-toolbar-focus,opus,run1,0,1784298716.365,1784300132.002,1415.6,1365.6,1225.6,7.0763,7.0763,84,7967871,85336
quill-shared-toolbar-focus,opus,run2,0,1784298898.339,1784300524.386,1626.0,1576.5,1349.4,8.4178,8.4178,92,10446060,90419
quill-shared-toolbar-focus,opus,run3,1,1784299248.350,1784300705.675,1457.3,1397.8,1259.3,7.4214,7.4214,78,8512025,89462
quill-shared-toolbar-focus,opus,run4,1,1784299365.519,1784300624.907,1259.4,1208.4,1083.6,6.2993,6.2993,74,7094377,76062
superjson-error-stack-serialization,opus,run1,1,1784299503.080,1784300610.600,1107.5,1059.1,1040.3,4.6769,4.6769,48,3788334,80446
superjson-error-stack-serialization,opus,run2,0,1784299593.010,1784300246.172,653.2,606.4,591.1,2.646,2.646,38,1860559,47077
superjson-error-stack-serialization,opus,run3,0,1784299805.902,1784300647.358,841.5,792.5,777.1,3.6874,3.6874,43,3003186,62177
superjson-error-stack-serialization,opus,run4,0,1784299852.633,1784300870.036,1017.4,969.0,942.5,5.0314,5.0314,56,4882368,73779
task-task-graph-export,opus,run1,0,1784299972.769,1784301248.229,1275.5,1127.1,964.1,7.4342,7.4342,89,8746335,60831
task-task-graph-export,opus,run2,0,1784300122.336,1784301333.826,1211.5,1066.5,1030.9,7.7229,7.7229,79,8950894,64243
task-task-graph-export,opus,run3,1,1784300132.005,1784301334.274,1202.3,1058.0,812.1,5.9677,5.9677,81,7687799,55091
task-task-graph-export,opus,run4,0,1784300246.173,1784301192.725,946.6,803.1,781.9,5.5876,5.5876,61,5869605,45889
yjs-map-conflict-detection,opus,run1,1,1784300524.388,1784302018.383,1494.0,1435.6,1372.2,7.6967,7.6967,88,8996026,93013
yjs-map-conflict-detection,opus,run2,1,1784300610.602,1784302276.268,1665.7,1606.4,1490.7,9.4409,9.4409,96,10522798,105989
yjs-map-conflict-detection,opus,run3,1,1784300624.910,1784301955.188,1330.3,1272.1,1208.7,7.4617,7.4617,69,8932461,81390
yjs-map-conflict-detection,opus,run4,1,1784300647.359,1784301976.739,1329.4,1268.9,1157.2,6.9276,6.9276,86,8489105,76291
abs-module-cache-flags,glm-default,run1,1,1784140585.367,1784141198.578,613.2,533.7,457.0,1.3898,6.682,108,6992040,52453
abs-module-cache-flags,glm-default,run2,1,1784140585.370,1784141573.805,988.4,909.7,823.7,2.8285,12.0426,120,10703253,92141
abs-module-cache-flags,glm-default,run3,1,1784140585.377,1784141486.832,901.5,823.4,720.4,2.4609,10.5319,138,10821981,86579
abs-module-cache-flags,glm-default,run4,1,1784141015.208,1784141912.511,897.3,827.4,743.1,2.5946,10.8642,94,7358192,79033
abs-stepped-slices,glm-default,run1,0,1784141404.009,1784141858.320,454.3,387.6,367.6,1.1307,5.374,42,922705,46555
abs-stepped-slices,glm-default,run2,0,1784141486.847,1784142260.919,774.1,708.9,629.7,2.2306,9.2056,106,11112102,80689
abs-stepped-slices,glm-default,run3,0,1784141882.621,1784142270.923,388.3,322.7,304.7,1.1341,4.4552,36,808246,38758
abs-stepped-slices,glm-default,run4,0,1784141940.303,1784142280.598,340.3,275.2,260.7,0.8805,3.8108,29,638536,33699
actionlint-action-pinning-lint,glm-default,run1,0,1784142260.929,1784142946.570,685.6,622.9,534.8,2.2435,7.8191,109,11595251,71233
actionlint-action-pinning-lint,glm-default,run2,1,1784142428.904,1784143258.189,829.3,766.3,672.5,2.7753,9.8327,107,13863248,79421
actionlint-action-pinning-lint,glm-default,run3,1,1784142730.296,1784143651.363,921.1,859.5,730.5,2.6434,10.6795,118,19623532,85656
actionlint-action-pinning-lint,glm-default,run4,1,1784143064.469,1784144097.931,1033.5,971.8,845.0,3.0887,12.3539,149,17486699,94649
adaptix-name-mapping-aliases,glm-default,run1,0,1784143258.199,1784143688.091,429.9,368.9,329.3,1.1415,4.8138,41,1292235,39646
adaptix-name-mapping-aliases,glm-default,run2,1,1784143594.621,1784144608.452,1013.8,944.9,771.1,2.5795,11.2732,199,26222330,101267
adaptix-name-mapping-aliases,glm-default,run3,1,1784143903.814,1784145521.249,1617.4,1547.9,1282.1,4.4866,18.745,243,39739284,135710
adaptix-name-mapping-aliases,glm-default,run4,1,1784144412.974,1784145680.341,1267.4,1186.5,970.8,3.5524,14.193,201,25884177,107570
aiomonitor-task-snapshots-diff,glm-default,run1,1,1784144890.505,1784146974.544,2084.0,2033.0,1933.9,6.8377,28.2741,124,11963104,84114
aiomonitor-task-snapshots-diff,glm-default,run2,0,1784145408.781,1784146045.192,636.4,587.5,496.1,1.8495,7.2524,132,10456698,73273
aiomonitor-task-snapshots-diff,glm-default,run3,1,1784145557.049,1784146411.348,854.3,805.3,713.2,2.5265,10.4266,127,11584905,76607
aiomonitor-task-snapshots-diff,glm-default,run4,0,1784145842.254,1784146459.924,617.7,566.9,472.5,1.5131,6.9076,134,10160070,70584
anko-default-function-arguments,glm-default,run1,0,1784146095.487,1784147052.970,957.5,886.7,863.0,2.4428,12.6172,37,2189720,100140
anko-default-function-arguments,glm-default,run2,0,1784146403.369,1784147246.193,842.8,772.6,758.9,2.0527,11.0951,22,1190269,87074
anko-default-function-arguments,glm-default,run3,0,1784146821.106,1784148272.073,1451.0,1378.5,1074.8,3.4695,15.713,76,9826165,116068
anko-default-function-arguments,glm-default,run4,1,1784147246.200,1784148503.149,1256.9,1185.7,928.6,3.7089,13.576,88,12790929,105664
anko-typed-variable-bindings,glm-default,run1,0,1784147677.303,1784148430.947,753.6,681.4,398.7,1.6314,5.8289,94,6675291,41542
anko-typed-variable-bindings,glm-default,run2,0,1784148391.433,1784149151.818,760.4,691.8,571.8,2.6357,8.3594,121,12301071,65695
anko-typed-variable-bindings,glm-default,run3,1,1784148503.159,1784149224.897,721.7,650.1,569.4,2.5628,8.3252,90,11753064,59423
anko-typed-variable-bindings,glm-default,run4,0,1784148799.569,1784149422.545,623.0,555.1,473.4,1.8606,6.9211,98,9543371,53945
arcane-drift-detection-baselines,glm-default,run1,0,1784148959.316,1784150421.341,1462.0,1167.7,1067.5,3.965,15.6074,111,13831514,85088
arcane-drift-detection-baselines,glm-default,run2,1,1784149224.908,1784150266.438,1041.5,754.8,667.8,2.2278,9.7626,98,11646158,54952
arcane-drift-detection-baselines,glm-default,run3,0,1784149422.556,1784150587.022,1164.5,888.3,762.5,2.9728,11.1473,144,18789959,70343
arcane-drift-detection-baselines,glm-default,run4,0,1784150266.450,1784151186.490,920.0,633.2,550.6,2.488,8.0498,92,12046423,51087
arktype-json-schema-refs-dependencies,glm-default,run1,0,1784150587.038,1784152125.279,1538.2,1327.0,1165.5,4.3745,17.0393,223,21373913,94337
arktype-json-schema-refs-dependencies,glm-default,run2,1,1784151186.500,1784152949.660,1763.2,1641.1,1385.0,4.1013,20.249,241,30176899,162990
arktype-json-schema-refs-dependencies,glm-default,run3,0,1784151663.789,1784154132.962,2469.2,2344.1,2060.6,5.9761,30.1267,281,37419650,181898
arktype-json-schema-refs-dependencies,glm-default,run4,0,1784153030.186,1784154810.132,1779.9,1651.6,1449.4,4.0948,21.19,254,27266207,118401
awilix-async-container-initialization,glm-default,run1,1,1784154132.989,1784154811.832,678.8,557.6,489.8,1.2899,7.1602,98,8197971,70887
awilix-async-container-initialization,glm-default,run2,1,1784154810.146,1784155448.403,638.3,579.0,485.2,1.3876,7.0941,129,10740636,67270
awilix-async-container-initialization,glm-default,run3,1,1784154986.160,1784155631.918,645.8,585.7,513.2,1.4776,7.5027,100,8398943,67377
awilix-async-container-initialization,glm-default,run4,1,1784155481.331,1784156293.163,811.8,751.4,643.2,2.0765,9.4039,139,13181979,88132
bandit-incremental-cache-control,glm-default,run1,0,1784155767.595,1784156513.383,745.8,641.5,565.6,1.8535,8.269,96,8974182,64576
bandit-incremental-cache-control,glm-default,run2,0,1784156293.174,1784156991.634,698.5,604.9,511.4,1.8908,7.4763,130,11621977,71303
bandit-incremental-cache-control,glm-default,run3,0,1784156524.991,1784157458.253,933.3,840.5,720.2,2.4483,10.53,158,16252342,74717
bandit-incremental-cache-control,glm-default,run4,0,1784156796.169,1784157598.207,802.0,709.8,611.0,2.1813,8.9332,129,12286289,64604
bandit-interprocedural-taint-checks,glm-default,run1,0,1784156991.644,1784157930.781,939.1,821.3,715.1,2.561,10.4545,140,13499059,71780
bandit-interprocedural-taint-checks,glm-default,run2,1,1784157425.811,1784158366.171,940.4,879.6,764.0,2.5086,11.1699,88,10811167,86344
bandit-interprocedural-taint-checks,glm-default,run3,1,1784157778.577,1784158634.906,856.3,794.7,730.8,2.1767,10.6851,84,8648042,80895
bandit-interprocedural-taint-checks,glm-default,run4,0,1784158018.241,1784158886.298,868.1,806.5,737.8,2.163,10.7867,87,9190960,81720
bandit-structured-nosec-directives,glm-default,run1,0,1784158366.181,1784160040.798,1674.6,1556.7,1424.3,6.0975,20.8241,154,22215828,159440
bandit-structured-nosec-directives,glm-default,run2,0,1784158634.914,1784159790.534,1155.6,1092.1,984.4,3.7535,14.3923,140,14093145,106082
bandit-structured-nosec-directives,glm-default,run3,0,1784201744.045,1784202107.307,363.3,291.2,271.8,0.7293,3.9734,22,554340,32733
bandit-structured-nosec-directives,glm-default,run4,0,1784201744.047,1784203262.274,1518.2,1421.3,1249.5,3.6202,18.2673,143,18993804,139436
boa-hierarchical-evaluation-cancellation,glm-default,run1,0,1784201744.049,1784204444.061,2700.0,2409.9,2156.1,6.0702,31.5229,207,34809864,104203
boa-hierarchical-evaluation-cancellation,glm-default,run2,0,1784201744.062,1784203784.997,2040.9,1821.5,1579.5,4.2958,23.0928,199,28394230,99079
boa-hierarchical-evaluation-cancellation,glm-default,run3,1,1784203182.349,1784206003.822,2821.5,2234.3,2011.0,5.4612,29.401,203,36707166,141947
boa-hierarchical-evaluation-cancellation,glm-default,run4,1,1784204035.290,1784207777.407,3742.1,3478.4,3250.6,9.529,47.5234,226,31432256,111311
cattrs-partial-structuring-recovery,glm-default,run1,1,1784205813.865,1784207094.202,1280.3,944.2,845.6,2.1333,12.3621,123,11916302,68420
cattrs-partial-structuring-recovery,glm-default,run2,1,1784206459.586,1784207738.902,1279.3,1229.9,1012.8,2.7075,14.8066,135,15619741,93907
cattrs-partial-structuring-recovery,glm-default,run3,1,1784206669.753,1784208032.661,1362.9,1316.3,1110.5,3.0483,16.2353,111,12810015,94916
cattrs-partial-structuring-recovery,glm-default,run4,1,1784207210.741,1784208262.579,1051.8,1000.2,777.4,2.2599,11.3662,112,10597438,68537
clack-async-autocomplete-options,glm-default,run1,0,1784207638.261,1784208064.570,426.3,341.0,312.2,0.897,4.565,31,660032,32875
clack-async-autocomplete-options,glm-default,run2,0,1784207942.743,1784208313.806,371.1,303.7,290.0,0.938,4.2394,15,252893,32672
clack-async-autocomplete-options,glm-default,run3,1,1784208219.774,1784209338.643,1118.9,1051.6,938.6,2.9616,13.7231,86,9083946,103406
clack-async-autocomplete-options,glm-default,run4,0,1784208519.261,1784208848.441,329.2,262.3,250.2,0.7399,3.6581,15,274059,32767
claude-code-by-agents-recursive-delegation,glm-default,run1,0,1784208856.519,1784209240.439,383.9,323.4,291.8,0.8797,4.2658,32,963887,33397
claude-code-by-agents-recursive-delegation,glm-default,run2,1,1784209240.444,1784209781.609,541.2,493.8,415.0,1.3678,6.068,65,5436296,59661
claude-code-by-agents-recursive-delegation,glm-default,run3,0,1784209436.125,1784209865.408,429.3,381.7,367.7,1.4091,5.3764,14,447114,40353
claude-code-by-agents-recursive-delegation,glm-default,run4,0,1784209776.929,1784210145.362,368.4,320.1,307.2,1.1856,4.4914,13,427265,33538
cliffy-config-file-parsing,glm-default,run1,0,1784209891.472,1784210853.708,962.2,892.9,721.0,2.7322,10.5413,116,14898543,85688
cliffy-config-file-parsing,glm-default,run2,0,1784210162.967,1784211106.272,943.3,888.6,704.1,2.5622,10.2937,120,13721347,71142
cliffy-config-file-parsing,glm-default,run3,0,1784210411.138,1784211531.266,1120.1,1065.2,817.8,3.0938,11.9561,176,17088513,79617
cliffy-config-file-parsing,glm-default,run4,0,1784210731.085,1784211804.828,1073.7,1019.6,827.7,3.1028,12.1006,143,14598374,86733
csstree-shorthand-expansion-compression,glm-default,run1,0,1784211122.550,1784212320.971,1198.4,1080.1,953.7,2.9142,13.9433,92,7915138,99139
csstree-shorthand-expansion-compression,glm-default,run2,0,1784211469.511,1784212565.134,1095.6,1047.9,911.4,2.7538,13.3254,103,11245794,95572
csstree-shorthand-expansion-compression,glm-default,run3,0,1784211757.778,1784213027.653,1269.9,1220.9,1083.3,4.3452,15.8375,107,11338771,118393
csstree-shorthand-expansion-compression,glm-default,run4,0,1784212167.246,1784213304.101,1136.9,1089.1,989.3,7.3005,14.4629,74,7588902,104191
dateutil-rfc5545-timezone-interop,glm-default,run1,0,1784214040.309,1784215563.749,1523.4,1457.3,1248.6,3.8351,18.2547,131,14685120,111491
dateutil-rfc5545-timezone-interop,glm-default,run2,0,1784214040.311,1784215724.329,1684.0,1620.6,1391.1,4.4836,20.3379,153,19787058,128119
dateutil-rfc5545-timezone-interop,glm-default,run3,1,1784214040.318,1784215323.402,1283.1,1216.8,1059.5,3.2181,15.4895,111,10928813,93164
dateutil-rfc5545-timezone-interop,glm-default,run4,1,1784214789.684,1784216491.546,1701.9,1647.4,1390.6,4.3553,20.3305,147,18316618,126795
expr-try-catch-errors,glm-default,run1,0,1784215284.493,1784218577.338,3292.8,3067.9,2496.3,7.5501,36.4957,172,28580369,130097
expr-try-catch-errors,glm-default,run2,0,1784215563.763,1784217597.710,2033.9,1872.6,1554.8,4.6165,22.7307,114,18207683,98410
expr-try-catch-errors,glm-default,run3,0,1784216164.531,1784218720.459,2555.9,2394.6,1994.8,5.919,29.1641,192,30054136,107412
expr-try-catch-errors,glm-default,run4,1,1784217467.101,1784219197.883,1730.8,1570.0,1283.9,4.3371,18.7705,153,22037870,104164
fastapi-deprecation-response-headers,glm-default,run1,1,1784217644.410,1784219395.416,1751.0,1576.9,1375.4,5.0756,20.1078,134,11796947,93869
fastapi-deprecation-response-headers,glm-default,run2,0,1784218979.159,1784220190.239,1211.1,1099.3,836.3,3.8852,12.2266,160,20303288,83835
fastapi-deprecation-response-headers,glm-default,run3,0,1784219197.896,1784219968.685,770.8,661.8,552.4,2.7774,8.0763,80,8136592,54402
fastapi-deprecation-response-headers,glm-default,run4,0,1784219481.774,1784220567.485,1085.7,978.2,715.4,3.2588,10.4593,174,26172485,87347
fd-deterministic-multi-key-sorting,glm-default,run1,1,1784220069.530,1784221151.480,1081.9,951.7,795.8,3.1115,11.635,110,14918318,94269
fd-deterministic-multi-key-sorting,glm-default,run2,1,1784220489.705,1784221449.036,959.3,904.9,791.0,3.2653,11.565,80,10640019,89733
fd-deterministic-multi-key-sorting,glm-default,run3,1,1784220726.318,1784221614.669,888.4,835.6,696.0,2.9182,10.1757,105,11292905,77228
fd-deterministic-multi-key-sorting,glm-default,run4,0,1784221188.129,1784221557.801,369.7,318.4,300.4,1.2895,4.3912,16,579069,33195
kcp-go-multiplexed-kcp-streams,glm-default,run1,0,1784221449.047,1784222810.962,1361.9,1042.2,948.0,3.0724,13.8597,78,7343306,93190
kcp-go-multiplexed-kcp-streams,glm-default,run2,0,1784221692.626,1784222055.366,362.7,290.3,274.6,0.886,4.0153,18,329049,32804
kcp-go-multiplexed-kcp-streams,glm-default,run3,0,1784222055.371,1784222453.200,397.8,324.5,320.5,0.8709,4.6863,4,96744,32326
kcp-go-multiplexed-kcp-streams,glm-default,run4,1,1784222645.571,1784223781.083,1135.5,1059.0,966.7,3.4666,14.133,72,8704292,110479
kombu-single-active-consumer-priority,glm-default,run1,0,1784223091.629,1784223966.493,874.9,720.6,591.5,2.3674,8.648,90,8056118,68965
kombu-single-active-consumer-priority,glm-default,run2,0,1784223687.070,1784224556.191,869.1,782.1,638.1,2.8211,9.3292,118,10001780,64650
kombu-single-active-consumer-priority,glm-default,run3,0,1784223966.503,1784224906.557,940.1,853.4,714.2,3.1184,10.4411,127,13896672,82250
kombu-single-active-consumer-priority,glm-default,run4,0,1784224433.325,1784225134.312,701.0,613.0,522.3,2.3672,7.6359,87,8095689,60737
kombu-virtual-queue-dead-lettering,glm-default,run1,0,1784224672.575,1784225095.669,423.1,264.1,245.5,0.8603,3.5892,21,536166,33037
kombu-virtual-queue-dead-lettering,glm-default,run2,0,1784225095.673,1784226020.163,924.5,836.5,701.5,2.3789,10.2567,124,11578989,84184
kombu-virtual-queue-dead-lettering,glm-default,run3,0,1784225284.354,1784226540.125,1255.8,1168.0,1002.2,2.8282,14.6526,154,14843457,93084
kombu-virtual-queue-dead-lettering,glm-default,run4,0,1784225591.218,1784226998.668,1407.5,1319.4,1154.8,2.8592,16.8839,148,14752689,104845
koota-deferred-mutation-buffer,glm-default,run1,0,1784225820.047,1784226726.492,906.4,777.0,748.1,1.7187,10.9369,24,1328594,64912
koota-deferred-mutation-buffer,glm-default,run2,0,1784226194.825,1784226851.957,657.1,605.5,586.9,1.2845,8.5801,23,801557,54631
koota-deferred-mutation-buffer,glm-default,run3,0,1784226540.136,1784227015.716,475.6,422.0,409.3,0.8892,5.9842,16,389725,33009
koota-deferred-mutation-buffer,glm-default,run4,0,1784226774.356,1784232220.877,5446.5,5403.0,3501.7,9.2537,51.1955,133,13439675,97690
optique-conditional-option-dependencies,glm-default,run1,0,1784226998.679,1784232485.430,5486.8,5353.1,3064.9,8.1801,44.8094,126,24741237,76263
optique-conditional-option-dependencies,glm-default,run2,0,1784227479.876,1784232934.899,5455.0,5335.3,3729.1,10.3019,54.5198,104,17859285,59443
optique-conditional-option-dependencies,glm-default,run3,0,1784227835.349,1784233288.718,5453.4,5362.0,4066.1,11.2799,59.4473,96,16474319,57814
optique-conditional-option-dependencies,glm-default,run4,0,1784230283.583,1784234272.186,3988.6,3907.2,3110.0,8.5833,45.4686,147,27507365,83411
psd-tools-blend-range-api,glm-default,run1,0,1784232527.202,1784234378.613,1851.4,1698.4,1538.9,3.7081,22.4988,85,10682212,67195
psd-tools-blend-range-api,glm-default,run2,1,1784233112.973,1784234607.715,1494.7,1424.7,1346.6,3.2142,19.6872,70,6343573,57283
psd-tools-blend-range-api,glm-default,run3,1,1784234039.737,1784235133.551,1093.8,1022.7,904.8,2.19,13.2275,108,8926927,77466
psd-tools-blend-range-api,glm-default,run4,0,1784234337.387,1784235136.388,799.0,728.3,605.1,1.4415,8.8461,117,10460837,58677
quill-shared-toolbar-focus,glm-default,run1,0,1784234450.354,1784235299.062,848.7,686.2,648.8,1.4747,9.4852,38,1727818,52914
quill-shared-toolbar-focus,glm-default,run2,0,1784234680.984,1784236864.289,2183.3,2127.6,1944.7,4.1428,28.4319,139,19140442,171047
quill-shared-toolbar-focus,glm-default,run3,0,1784235091.514,1784236310.073,1218.6,1163.4,1052.6,2.1564,15.389,99,10107139,94084
quill-shared-toolbar-focus,glm-default,run4,0,1784235251.756,1784236701.731,1450.0,1395.1,1224.7,2.5211,17.9054,157,13821102,85497
superjson-error-stack-serialization,glm-default,run1,0,1784235800.397,1784236276.568,476.2,355.2,350.7,0.6818,5.127,7,96608,32473
superjson-error-stack-serialization,glm-default,run2,0,1784236171.037,1784236610.828,439.8,387.4,380.5,0.8139,5.5627,10,156980,32567
superjson-error-stack-serialization,glm-default,run3,0,1784236523.901,1784237137.281,613.4,561.9,550.1,1.389,8.0429,15,478117,60463
superjson-error-stack-serialization,glm-default,run4,0,1784236651.599,1784237095.144,443.5,387.3,370.6,0.9202,5.4179,23,406769,32756
task-task-graph-export,glm-default,run1,1,1784236794.087,1784238089.170,1295.1,1029.5,892.4,2.5985,13.0466,115,11686784,61553
task-task-graph-export,glm-default,run2,1,1784237094.756,1784238307.739,1213.0,1054.1,865.4,2.4816,12.6525,131,15794796,75856
task-task-graph-export,glm-default,run3,1,1784237192.591,1784238580.938,1388.3,1230.7,1064.9,3.0541,15.5692,126,15167221,78014
task-task-graph-export,glm-default,run4,0,1784237452.913,1784238619.455,1166.5,1015.8,843.0,2.5329,12.3244,144,17166102,71873
yjs-map-conflict-detection,glm-default,run1,0,1784237938.362,1784239459.951,1521.6,1367.6,1238.5,3.475,18.1075,104,15998055,118122
yjs-map-conflict-detection,glm-default,run2,1,1784238265.043,1784239133.789,868.7,802.8,690.9,1.7678,10.1016,91,11541487,68411
yjs-map-conflict-detection,glm-default,run3,0,1784238541.345,1784239860.833,1319.5,1255.2,1141.5,3.8827,16.6882,97,13765569,109804
yjs-map-conflict-detection,glm-default,run4,1,1784238891.593,1784239917.262,1025.7,961.7,858.0,3.3018,12.5443,90,11408751,91232
abs-module-cache-flags,glm-high,run1,0,1784140585.367,1784141182.906,597.5,519.6,362.3,1.0905,5.2963,124,6044743,35802
abs-module-cache-flags,glm-high,run2,0,1784140585.370,1784141014.602,429.2,349.8,227.3,0.5812,3.3236,99,4113458,29979
abs-module-cache-flags,glm-high,run3,0,1784140585.388,1784141032.599,447.2,366.9,240.4,0.631,3.5141,98,4347796,32423
abs-module-cache-flags,glm-high,run4,1,1784141032.606,1784141419.044,386.4,316.5,188.4,0.6094,2.7545,111,4923734,27483
abs-stepped-slices,glm-high,run1,0,1784141410.089,1784141930.430,520.3,454.1,323.9,1.017,4.7359,106,5636571,42559
abs-stepped-slices,glm-high,run2,0,1784141573.815,1784142145.883,572.1,507.2,370.0,1.2792,5.4097,110,5816119,49885
abs-stepped-slices,glm-high,run3,1,1784141912.520,1784142298.514,386.0,319.5,205.5,0.6661,3.0039,101,4037740,30516
abs-stepped-slices,glm-high,run4,1,1784142145.890,1784142633.176,487.3,421.4,294.8,1.3341,4.3101,102,5638753,45697
actionlint-action-pinning-lint,glm-high,run1,1,1784142270.929,1784142730.288,459.4,396.3,255.5,0.9687,3.735,117,8437784,38792
actionlint-action-pinning-lint,glm-high,run2,0,1784142633.184,1784143104.193,471.0,408.3,249.5,0.9846,3.6472,123,9298875,35528
actionlint-action-pinning-lint,glm-high,run3,0,1784142849.405,1784143503.770,654.4,590.7,372.2,1.2749,5.4417,152,12963360,46003
actionlint-action-pinning-lint,glm-high,run4,1,1784143104.201,1784143558.682,454.5,390.7,264.8,0.8424,3.8711,85,6901874,30689
adaptix-name-mapping-aliases,glm-high,run1,1,1784143387.633,1784144290.098,902.5,821.3,580.4,1.8141,8.4849,163,14306592,60286
adaptix-name-mapping-aliases,glm-high,run2,1,1784143651.376,1784144718.207,1066.8,996.5,674.1,2.2257,9.8552,205,22902653,84462
adaptix-name-mapping-aliases,glm-high,run3,1,1784143995.405,1784144890.493,895.1,824.7,572.1,1.7983,8.3647,170,17981627,69956
adaptix-name-mapping-aliases,glm-high,run4,1,1784144457.802,1784145548.476,1090.7,1019.2,680.7,2.3935,9.9514,219,23464939,88703
aiomonitor-task-snapshots-diff,glm-high,run1,0,1784144997.753,1784145439.275,441.5,392.1,208.6,0.6503,3.0505,112,6193300,34561
aiomonitor-task-snapshots-diff,glm-high,run2,1,1784145439.282,1784145812.794,373.5,323.4,209.1,0.7346,3.0566,98,5499965,35269
aiomonitor-task-snapshots-diff,glm-high,run3,0,1784145680.360,1784146003.189,322.8,272.6,150.4,0.5195,2.1987,107,5686965,29169
aiomonitor-task-snapshots-diff,glm-high,run4,0,1784145921.492,1784146248.026,326.5,275.2,163.3,0.5165,2.3876,104,5111543,30192
anko-default-function-arguments,glm-high,run1,1,1784146231.425,1784146974.120,742.7,670.2,528.3,1.4113,7.7231,106,7559207,66497
anko-default-function-arguments,glm-high,run2,1,1784146411.363,1784147521.892,1110.5,1039.1,880.7,2.3604,12.8759,107,12291078,101308
anko-default-function-arguments,glm-high,run3,1,1784146974.128,1784148399.739,1425.6,1353.3,863.9,2.696,12.63,152,16775092,108129
anko-default-function-arguments,glm-high,run4,1,1784147293.040,1784148391.424,1098.4,1027.8,656.5,2.17,9.5978,100,9821937,80799
anko-typed-variable-bindings,glm-high,run1,1,1784147883.485,1784148481.673,598.2,523.2,213.3,0.7542,3.1188,78,5104246,27740
anko-typed-variable-bindings,glm-high,run2,1,1784148399.750,1784148741.602,341.9,269.8,143.0,0.6587,2.0909,62,3202935,19596
anko-typed-variable-bindings,glm-high,run3,1,1784148522.937,1784148955.293,432.4,359.4,206.8,0.9862,3.024,104,4595659,28318
anko-typed-variable-bindings,glm-high,run4,1,1784148935.168,1784149314.507,379.3,303.6,208.5,0.723,3.0477,74,4524288,27664
arcane-drift-detection-baselines,glm-high,run1,1,1784149032.299,1784150056.819,1024.5,743.4,542.6,1.876,7.9328,149,13899678,33210
arcane-drift-detection-baselines,glm-high,run2,1,1784149273.272,1784150497.259,1224.0,942.0,718.1,2.4934,10.4981,157,12436718,41445
arcane-drift-detection-baselines,glm-high,run3,1,1784149748.938,1784151004.168,1255.2,962.1,749.7,3.3446,10.9612,145,14225076,61042
arcane-drift-detection-baselines,glm-high,run4,0,1784150338.031,1784151378.098,1040.1,763.0,548.4,2.2788,8.0178,162,14549005,37978
arktype-json-schema-refs-dependencies,glm-high,run1,0,1784150684.344,1784152206.444,1522.1,1397.3,1034.6,3.7084,15.1261,259,28622630,123712
arktype-json-schema-refs-dependencies,glm-high,run2,1,1784151291.697,1784153755.979,2464.3,2338.9,1907.7,5.4302,27.8904,278,31415617,145437
arktype-json-schema-refs-dependencies,glm-high,run3,0,1784152125.297,1784153030.173,904.9,783.3,532.8,1.4611,7.7902,177,11777167,67097
arktype-json-schema-refs-dependencies,glm-high,run4,0,1784153123.336,1784154956.543,1833.2,1710.8,1354.3,3.7959,19.7998,255,28898191,103770
awilix-async-container-initialization,glm-high,run1,1,1784154438.230,1784154851.918,413.7,353.4,265.1,0.6594,3.8756,76,4048824,40748
awilix-async-container-initialization,glm-high,run2,1,1784154811.841,1784155164.424,352.6,293.8,213.0,0.6039,3.1135,68,3180894,30833
awilix-async-container-initialization,glm-high,run3,1,1784155153.705,1784155643.847,490.1,430.8,323.9,0.8971,4.7359,85,5471857,47157
awilix-async-container-initialization,glm-high,run4,1,1784155518.740,1784156016.625,497.9,437.7,300.4,0.8724,4.3919,117,6369406,42943
bandit-incremental-cache-control,glm-high,run1,0,1784156016.636,1784156529.581,512.9,419.1,290.8,1.014,4.2508,102,5568281,35280
bandit-incremental-cache-control,glm-high,run2,0,1784156306.016,1784156726.916,420.9,328.4,187.0,0.6687,2.7342,118,7329741,33838
bandit-incremental-cache-control,glm-high,run3,0,1784156529.588,1784156916.247,386.7,295.0,189.6,0.6294,2.7714,87,4905826,29687
bandit-incremental-cache-control,glm-high,run4,0,1784156916.254,1784157248.833,332.6,239.6,141.3,0.4624,2.0658,80,4300568,24921
bandit-interprocedural-taint-checks,glm-high,run1,0,1784157203.514,1784157782.678,579.2,518.7,285.5,0.9006,4.1745,119,6949123,41925
bandit-interprocedural-taint-checks,glm-high,run2,0,1784157458.268,1784158010.116,551.8,483.8,301.4,0.9132,4.4063,113,7587981,38305
bandit-interprocedural-taint-checks,glm-high,run3,1,1784157782.686,1784158428.747,646.1,574.9,400.1,1.1425,5.85,127,8015823,52391
bandit-interprocedural-taint-checks,glm-high,run4,1,1784158195.500,1784158729.874,534.4,474.2,352.8,0.9963,5.1581,88,5677888,41299
bandit-structured-nosec-directives,glm-high,run1,0,1784158428.755,1784159341.943,913.2,849.2,685.6,1.9532,10.0234,121,9645224,75567
bandit-structured-nosec-directives,glm-high,run2,0,1784158664.075,1784159484.009,819.9,755.9,573.5,1.6982,8.3842,129,11383367,79370
bandit-structured-nosec-directives,glm-high,run3,0,1784158983.823,1784159696.255,712.4,649.0,483.2,1.754,7.0649,130,8738402,61745
bandit-structured-nosec-directives,glm-high,run4,0,1784201744.046,1784202837.186,1093.1,997.1,736.7,2.0449,10.7711,145,11789976,78256
boa-hierarchical-evaluation-cancellation,glm-high,run1,0,1784201744.048,1784203941.254,2197.2,1915.0,1629.1,4.3093,23.818,150,17846280,62379
boa-hierarchical-evaluation-cancellation,glm-high,run2,1,1784202107.314,1784204189.280,2082.0,1799.5,1409.5,3.7153,20.6069,194,19358545,52129
boa-hierarchical-evaluation-cancellation,glm-high,run3,0,1784203262.298,1784205897.438,2635.1,2074.4,1796.5,4.8903,26.265,183,21286782,71945
boa-hierarchical-evaluation-cancellation,glm-high,run4,0,1784204056.905,1784207210.728,3153.8,2917.5,2601.3,7.5614,38.0308,206,23765763,93524
cattrs-partial-structuring-recovery,glm-high,run1,1,1784205814.058,1784206581.099,767.0,450.2,336.0,0.9383,4.9118,83,5206935,24289
cattrs-partial-structuring-recovery,glm-high,run2,1,1784206488.817,1784207111.603,622.8,574.0,449.7,1.0088,6.5753,85,7299602,44959
cattrs-partial-structuring-recovery,glm-high,run3,1,1784206915.930,1784207505.017,589.1,537.5,452.9,1.2455,6.6218,63,3943387,24396
cattrs-partial-structuring-recovery,glm-high,run4,1,1784207263.959,1784208078.297,814.3,767.0,583.1,2.0393,8.5245,122,6596118,40327
clack-async-autocomplete-options,glm-high,run1,0,1784207725.076,1784208295.525,570.4,502.7,379.1,1.0861,5.543,72,3950655,42705
clack-async-autocomplete-options,glm-high,run2,1,1784208032.671,1784208715.596,682.9,616.0,468.1,1.4396,6.8435,85,5730109,57116
clack-async-autocomplete-options,glm-high,run3,1,1784208262.588,1784208856.513,593.9,525.9,424.4,1.2606,6.2047,63,3669049,47796
clack-async-autocomplete-options,glm-high,run4,0,1784208563.235,1784209264.839,701.6,633.6,512.4,1.5127,7.4913,68,4255957,60075
claude-code-by-agents-recursive-delegation,glm-high,run1,1,1784208875.764,1784209436.119,560.4,463.7,360.2,1.1224,5.2663,63,2716682,38985
claude-code-by-agents-recursive-delegation,glm-high,run2,0,1784209264.846,1784209808.557,543.7,495.1,383.1,1.2586,5.6016,60,3471653,39205
claude-code-by-agents-recursive-delegation,glm-high,run3,1,1784209470.167,1784210017.845,547.7,454.7,300.2,1.044,4.3887,85,5541570,38863
claude-code-by-agents-recursive-delegation,glm-high,run4,1,1784209781.618,1784210162.961,381.3,271.8,194.9,0.682,2.8495,48,1802421,25638
cliffy-config-file-parsing,glm-high,run1,0,1784209948.696,1784210411.130,462.4,406.7,226.3,0.8312,3.3079,99,6761930,31434
cliffy-config-file-parsing,glm-high,run2,0,1784210222.571,1784211122.540,900.0,845.3,526.8,1.9372,7.7013,151,14420197,57480
cliffy-config-file-parsing,glm-high,run3,0,1784210518.650,1784211056.515,537.9,481.6,305.8,1.067,4.4714,86,6329177,36905
cliffy-config-file-parsing,glm-high,run4,1,1784210853.718,1784211757.766,904.0,849.3,558.5,2.0417,8.1653,146,14064086,62327
csstree-shorthand-expansion-compression,glm-high,run1,0,1784211154.403,1784212167.238,1012.8,925.2,729.9,2.1711,10.6717,100,7322813,82823
csstree-shorthand-expansion-compression,glm-high,run2,0,1784211531.278,1784212185.428,654.2,605.4,463.9,1.3224,6.7819,77,4139221,55267
csstree-shorthand-expansion-compression,glm-high,run3,0,1784211804.839,1784212589.563,784.7,737.2,594.8,1.7634,8.6967,77,4870746,69914
csstree-shorthand-expansion-compression,glm-high,run4,0,1784212185.436,1784212931.177,745.7,694.1,555.4,2.3474,8.1203,68,3979867,64076
dateutil-rfc5545-timezone-interop,glm-high,run1,0,1784214040.311,1784214789.677,749.4,681.4,454.3,1.2296,6.6415,94,6405899,45607
dateutil-rfc5545-timezone-interop,glm-high,run2,0,1784214040.312,1784215008.209,967.9,899.3,545.5,1.5454,7.9753,145,13416443,57821
dateutil-rfc5545-timezone-interop,glm-high,run3,0,1784214040.318,1784214701.781,661.5,591.9,416.1,1.088,6.0841,77,5024106,41976
dateutil-rfc5545-timezone-interop,glm-high,run4,0,1784214859.863,1784215587.047,727.2,670.6,406.7,1.2927,5.9465,126,10350224,50825
expr-try-catch-errors,glm-high,run1,1,1784215298.278,1784217505.933,2207.7,1991.8,1384.1,3.9461,20.2362,195,25809629,92533
expr-try-catch-errors,glm-high,run2,0,1784215587.055,1784217467.091,1880.0,1719.9,1176.4,3.2882,17.1988,130,15693178,74551
expr-try-catch-errors,glm-high,run3,0,1784216491.558,1784219111.077,2619.5,2453.0,1922.5,5.7919,28.1077,220,31079960,97671
expr-try-catch-errors,glm-high,run4,0,1784217505.947,1784219194.271,1688.3,1527.7,974.9,3.0904,14.2529,188,25739391,78759
fastapi-deprecation-response-headers,glm-high,run1,0,1784218577.353,1784219331.564,754.2,644.9,359.4,1.4379,5.2543,147,9529253,37552
fastapi-deprecation-response-headers,glm-high,run2,0,1784219111.095,1784220108.475,997.4,885.9,582.0,2.5829,8.5084,141,9519929,57137
fastapi-deprecation-response-headers,glm-high,run3,0,1784219331.579,1784220235.060,903.5,786.9,385.6,1.8313,5.6369,215,15033202,49291
fastapi-deprecation-response-headers,glm-high,run4,0,1784219951.334,1784220606.558,655.2,546.4,281.5,1.2438,4.1161,136,9438447,34321
fd-deterministic-multi-key-sorting,glm-high,run1,0,1784220108.487,1784220705.137,596.6,504.3,300.3,1.1874,4.3906,111,7450115,40803
fd-deterministic-multi-key-sorting,glm-high,run2,1,1784220567.503,1784221188.120,620.6,565.7,383.3,1.4366,5.6038,97,7490262,49519
fd-deterministic-multi-key-sorting,glm-high,run3,1,1784220836.558,1784221242.830,406.3,353.2,212.1,0.7792,3.101,77,4523099,30331
fd-deterministic-multi-key-sorting,glm-high,run4,0,1784221191.753,1784221776.977,585.2,529.5,397.3,1.5689,5.8087,69,4720129,37738
kcp-go-multiplexed-kcp-streams,glm-high,run1,0,1784221557.805,1784222749.974,1192.2,1120.0,970.6,3.1371,14.1898,77,5778036,68515
kcp-go-multiplexed-kcp-streams,glm-high,run2,1,1784221776.984,1784223461.111,1684.1,1605.7,1371.6,4.296,20.0533,128,11328202,88237
kcp-go-multiplexed-kcp-streams,glm-high,run3,1,1784222072.072,1784223091.623,1019.6,941.3,800.8,2.513,11.7079,87,4373882,43360
kcp-go-multiplexed-kcp-streams,glm-high,run4,1,1784222749.980,1784223481.117,731.1,653.8,583.3,1.8054,8.5283,46,1517425,29556
kombu-single-active-consumer-priority,glm-high,run1,1,1784223260.673,1784223878.719,618.0,529.5,355.9,1.3366,5.2028,99,7094917,45042
kombu-single-active-consumer-priority,glm-high,run2,0,1784223747.640,1784224321.460,573.8,482.0,299.6,1.1373,4.3799,97,5711118,41801
kombu-single-active-consumer-priority,glm-high,run3,0,1784224034.058,1784224581.939,547.9,460.5,326.4,1.3149,4.7719,86,5198611,38100
kombu-single-active-consumer-priority,glm-high,run4,0,1784224556.200,1784225404.542,848.3,760.9,541.3,2.3324,7.9132,125,10200054,58986
kombu-virtual-queue-dead-lettering,glm-high,run1,0,1784224712.189,1784225591.209,879.0,761.0,555.9,2.1704,8.128,117,9082360,60903
kombu-virtual-queue-dead-lettering,glm-high,run2,0,1784225121.283,1784225820.040,698.8,611.0,451.8,1.5142,6.605,97,6532266,42873
kombu-virtual-queue-dead-lettering,glm-high,run3,0,1784225404.551,1784226267.334,862.8,775.0,572.3,1.6419,8.3672,114,7537301,67168
kombu-virtual-queue-dead-lettering,glm-high,run4,0,1784225752.682,1784226504.600,751.9,663.1,463.0,1.0976,6.7692,116,7011910,52608
koota-deferred-mutation-buffer,glm-high,run1,0,1784225845.978,1784226784.831,938.9,833.8,635.8,1.4428,9.2949,100,9899610,64262
koota-deferred-mutation-buffer,glm-high,run2,0,1784226241.822,1784227571.878,1330.1,1276.7,935.3,2.1261,13.6744,172,16131928,83085
koota-deferred-mutation-buffer,glm-high,run3,0,1784226552.557,1784227781.835,1229.3,1177.0,841.1,1.9092,12.2965,120,10059443,62727
koota-deferred-mutation-buffer,glm-high,run4,0,1784226784.841,1784231517.199,4732.4,4680.1,2698.9,6.9377,39.4576,143,13455091,77565
optique-conditional-option-dependencies,glm-high,run1,0,1784227015.721,1784232527.191,5511.5,5405.4,3525.4,9.3469,51.5413,111,16129580,69520
optique-conditional-option-dependencies,glm-high,run2,0,1784227548.703,1784228366.325,817.6,759.7,714.1,1.7822,10.4399,25,1265391,851
optique-conditional-option-dependencies,glm-high,run3,0,1784228366.333,1784233819.918,5453.6,5385.8,2905.2,7.8744,42.4749,142,20771795,51481
optique-conditional-option-dependencies,glm-high,run4,0,1784231517.209,1784234084.023,2566.8,2458.0,1505.9,3.9614,22.0167,105,14787349,48530
psd-tools-blend-range-api,glm-high,run1,0,1784232541.522,1784234055.745,1514.2,1368.1,964.6,2.1552,14.1024,78,4263906,42440
psd-tools-blend-range-api,glm-high,run2,1,1784233288.729,1784234434.748,1146.0,1075.5,845.0,1.9264,12.3538,105,6356325,44785
psd-tools-blend-range-api,glm-high,run3,1,1784234055.753,1784234830.457,774.7,703.8,541.2,1.3264,7.9124,89,5908584,50023
psd-tools-blend-range-api,glm-high,run4,1,1784234363.436,1784234995.613,632.2,562.4,377.6,0.8883,5.5205,106,6186255,39713
quill-shared-toolbar-focus,glm-high,run1,0,1784234455.451,1784235663.274,1207.8,1050.9,748.7,1.5594,10.9455,165,13266694,53456
quill-shared-toolbar-focus,glm-high,run2,0,1784234830.468,1784236052.911,1222.4,1166.6,910.4,1.8717,13.3103,131,11365568,82385
quill-shared-toolbar-focus,glm-high,run3,0,1784235133.560,1784236630.330,1496.8,1440.7,1213.4,2.4767,17.7395,128,9213756,68243
quill-shared-toolbar-focus,glm-high,run4,0,1784235299.068,1784236099.860,800.8,745.7,538.8,1.0276,7.8772,112,6747031,43116
superjson-error-stack-serialization,glm-high,run1,0,1784235866.946,1784236651.593,784.6,728.5,602.3,1.2328,8.8058,73,4189114,63176
superjson-error-stack-serialization,glm-high,run2,0,1784236276.571,1784236786.710,510.1,459.0,379.1,0.8371,5.5431,52,2129339,39116
superjson-error-stack-serialization,glm-high,run3,0,1784236551.452,1784237077.662,526.2,471.6,384.6,0.9273,5.6234,57,2303576,42686
superjson-error-stack-serialization,glm-high,run4,0,1784236679.762,1784237128.643,448.9,396.0,300.9,0.7195,4.3985,58,2432283,33124
task-task-graph-export,glm-high,run1,1,1784236837.976,1784237938.352,1100.4,887.4,596.2,1.6165,8.7162,147,13085869,43911
task-task-graph-export,glm-high,run2,0,1784237095.149,1784237898.251,803.1,645.5,398.3,1.042,5.8237,126,10223284,33767
task-task-graph-export,glm-high,run3,1,1784237251.166,1784238168.921,917.8,750.3,472.4,1.2855,6.9071,144,9343630,38350
task-task-graph-export,glm-high,run4,1,1784237741.935,1784238476.183,734.2,573.7,373.3,1.1426,5.4574,117,7203645,30076
yjs-map-conflict-detection,glm-high,run1,1,1784238050.355,1784239200.038,1149.7,1079.2,851.9,2.2488,12.4552,122,11329169,82585
yjs-map-conflict-detection,glm-high,run2,1,1784238307.752,1784239162.756,855.0,787.6,595.6,1.5125,8.7077,104,10914730,57117
yjs-map-conflict-detection,glm-high,run3,1,1784238580.949,1784239520.699,939.7,875.7,687.9,1.8193,10.057,104,11347202,62700
yjs-map-conflict-detection,glm-high,run4,1,1784239050.293,1784239979.671,929.4,866.8,644.3,3.2321,9.4192,131,13229908,66065
abs-module-cache-flags,glm-nothink,run1,1,1784140585.369,1784140987.309,401.9,322.4,174.8,0.4287,2.5557,122,4813996,25426
abs-module-cache-flags,glm-nothink,run2,0,1784140585.377,1784141015.199,429.8,349.9,158.7,0.3882,2.32,155,7074698,27349
abs-module-cache-flags,glm-nothink,run3,0,1784140987.320,1784141403.998,416.7,345.6,187.6,0.5874,2.7434,132,6419130,28657
abs-module-cache-flags,glm-nothink,run4,1,1784141182.913,1784141638.563,455.6,386.5,209.5,0.747,3.063,135,6393053,31188
abs-stepped-slices,glm-nothink,run1,1,1784141419.050,1784141932.905,513.9,447.7,282.9,0.8489,4.136,109,5924762,32680
abs-stepped-slices,glm-nothink,run2,0,1784141638.573,1784142200.066,561.5,495.0,277.5,0.901,4.0565,170,11129783,47197
abs-stepped-slices,glm-nothink,run3,0,1784141930.437,1784142428.895,498.5,431.7,229.3,0.7984,3.3523,173,9575708,40317
abs-stepped-slices,glm-nothink,run4,0,1784142200.081,1784142721.523,521.4,454.5,244.9,1.0302,3.5803,174,9573666,42448
actionlint-action-pinning-lint,glm-nothink,run1,0,1784142280.602,1784142856.438,575.8,511.3,306.0,1.1549,4.4738,147,13308138,43672
actionlint-action-pinning-lint,glm-nothink,run2,0,1784142721.533,1784143139.520,418.0,354.4,195.1,0.6908,2.852,112,10176406,29824
actionlint-action-pinning-lint,glm-nothink,run3,1,1784142856.451,1784143387.625,531.2,467.2,271.1,0.9023,3.9632,140,8791682,32098
actionlint-action-pinning-lint,glm-nothink,run4,0,1784143137.743,1784143903.801,766.1,703.4,395.0,1.2386,5.7744,212,20463803,46093
adaptix-name-mapping-aliases,glm-nothink,run1,0,1784143503.780,1784144457.780,954.0,883.9,547.9,1.7012,8.0109,231,25075945,60008
adaptix-name-mapping-aliases,glm-nothink,run2,1,1784143688.098,1784144412.962,724.9,655.0,329.8,0.9561,4.8211,229,18748149,44613
adaptix-name-mapping-aliases,glm-nothink,run3,1,1784144097.943,1784145006.557,908.6,838.0,508.9,1.6496,7.4403,223,24187174,53493
adaptix-name-mapping-aliases,glm-nothink,run4,0,1784144608.465,1784145557.034,948.6,877.0,464.3,1.5714,6.788,263,28607624,61958
aiomonitor-task-snapshots-diff,glm-nothink,run1,0,1784145006.570,1784145408.773,402.2,351.7,182.7,0.6209,2.6706,123,6452273,27318
aiomonitor-task-snapshots-diff,glm-nothink,run2,0,1784145521.266,1784145829.396,308.1,258.4,145.1,0.4884,2.121,97,6050451,29119
aiomonitor-task-snapshots-diff,glm-nothink,run3,0,1784145812.801,1784146095.480,282.7,232.5,124.0,0.3855,1.8125,101,5053410,26682
aiomonitor-task-snapshots-diff,glm-nothink,run4,0,1784146003.196,1784146403.361,400.2,349.7,199.2,0.6051,2.9123,125,9012819,39839
anko-default-function-arguments,glm-nothink,run1,0,1784146248.033,1784147293.022,1045.0,974.5,675.1,1.7489,9.8704,212,24816187,82231
anko-default-function-arguments,glm-nothink,run2,1,1784146459.933,1784147488.679,1028.7,957.9,644.5,1.6679,9.4226,220,22967926,74417
anko-default-function-arguments,glm-nothink,run3,0,1784146974.555,1784147677.294,702.7,631.6,445.0,1.3204,6.5055,141,11496439,54446
anko-default-function-arguments,glm-nothink,run4,1,1784147488.691,1784148624.534,1135.8,1065.4,531.8,2.0142,7.7746,206,18330100,65507
anko-typed-variable-bindings,glm-nothink,run1,0,1784148229.506,1784148522.930,293.4,224.5,104.2,0.4716,1.5234,88,8696535,15837
anko-typed-variable-bindings,glm-nothink,run2,1,1784148430.955,1784148799.562,368.6,298.0,134.6,0.5627,1.9685,96,4451967,21393
anko-typed-variable-bindings,glm-nothink,run3,0,1784148624.546,1784149032.290,407.7,335.2,159.6,0.6625,2.334,125,7179311,27234
anko-typed-variable-bindings,glm-nothink,run4,0,1784148947.514,1784149273.264,325.8,254.1,138.9,0.4625,2.0304,90,4464090,21924
arcane-drift-detection-baselines,glm-nothink,run1,0,1784149109.398,1784154758.000,5648.6,4.3,1.0,0.0027,0.0142,4,34869,298
arcane-drift-detection-baselines,glm-nothink,run2,1,1784149314.513,1784150244.589,930.1,624.9,443.2,1.3767,6.4802,133,12545333,36196
arcane-drift-detection-baselines,glm-nothink,run3,0,1784150056.842,1784151042.802,986.0,701.0,499.5,2.2924,7.3029,140,16885054,39691
arcane-drift-detection-baselines,glm-nothink,run4,1,1784150421.352,1784151291.685,870.3,587.4,425.4,1.6614,6.2198,119,11693274,34365
arktype-json-schema-refs-dependencies,glm-nothink,run1,0,1784151004.178,1784156524.976,5520.8,5381.5,4958.3,15.5107,72.4906,283,29873160,79885
arktype-json-schema-refs-dependencies,glm-nothink,run2,1,1784151378.113,1784154000.309,2622.2,2494.9,1883.2,5.2966,27.5332,402,41264598,91167
arktype-json-schema-refs-dependencies,glm-nothink,run3,0,1784152206.460,1784156120.838,3914.4,3793.1,3315.9,9.6348,48.4793,337,29980273,81967
arktype-json-schema-refs-dependencies,glm-nothink,run4,1,1784153756.005,1784158612.939,4856.9,4737.5,4173.0,13.4802,61.0089,380,40460831,96988
awilix-async-container-initialization,glm-nothink,run1,0,1784154651.260,1784154986.153,334.9,273.6,158.1,0.4307,2.311,104,4668123,24506
awilix-async-container-initialization,glm-nothink,run2,1,1784154851.924,1784155153.698,301.8,241.3,131.7,0.3609,1.926,100,4072282,23343
awilix-async-container-initialization,glm-nothink,run3,0,1784155164.430,1784155481.323,316.9,257.0,150.5,0.3919,2.2007,93,3943494,25683
awilix-async-container-initialization,glm-nothink,run4,0,1784155631.928,1784156051.662,419.7,359.7,192.0,0.5279,2.8071,152,7852295,29506
bandit-incremental-cache-control,glm-nothink,run1,0,1784156051.672,1784156604.721,553.0,460.6,278.7,0.9655,4.0742,145,9645853,34427
bandit-incremental-cache-control,glm-nothink,run2,0,1784156492.368,1784156938.389,446.0,352.9,203.2,0.6649,2.9713,122,8200950,29238
bandit-incremental-cache-control,glm-nothink,run3,0,1784156604.730,1784157203.505,598.8,507.3,331.7,1.0928,4.85,135,9698442,38352
bandit-incremental-cache-control,glm-nothink,run4,0,1784156938.397,1784157425.798,487.4,394.0,208.7,0.6539,3.051,150,9027285,30620
bandit-interprocedural-taint-checks,glm-nothink,run1,0,1784157248.843,1784157778.569,529.7,466.7,229.0,0.6927,3.3487,133,7748286,29990
bandit-interprocedural-taint-checks,glm-nothink,run2,0,1784157598.217,1784158365.666,767.4,695.1,356.8,1.0074,5.2167,231,23369737,51969
bandit-interprocedural-taint-checks,glm-nothink,run3,0,1784157930.791,1784158440.834,510.0,448.3,243.2,0.6778,3.5563,148,12606347,39735
bandit-interprocedural-taint-checks,glm-nothink,run4,0,1784158356.499,1784158966.256,609.8,549.0,368.9,0.9909,5.394,128,9553777,42179
bandit-structured-nosec-directives,glm-nothink,run1,0,1784158440.843,1784158983.814,543.0,479.2,353.7,0.931,5.1708,101,6996405,34837
bandit-structured-nosec-directives,glm-nothink,run2,0,1784158729.880,1784159444.451,714.6,650.9,417.0,1.2004,6.0968,181,12877046,49486
bandit-structured-nosec-directives,glm-nothink,run3,0,1784159154.865,1784159954.802,799.9,736.5,530.4,2.4535,7.7548,156,9411300,48379
bandit-structured-nosec-directives,glm-nothink,run4,0,1784159696.263,1784160126.489,430.2,361.7,228.7,1.8501,3.3438,85,4491337,39434
boa-hierarchical-evaluation-cancellation,glm-nothink,run1,0,1784201744.049,1784204056.894,2312.8,1963.2,1639.4,4.4096,23.9683,158,13180212,41934
boa-hierarchical-evaluation-cancellation,glm-nothink,run2,1,1784202837.201,1784205813.847,2976.6,2336.0,1999.6,5.4026,29.2349,222,25749791,57682
boa-hierarchical-evaluation-cancellation,glm-nothink,run3,0,1784203785.033,1784207333.901,3548.9,3184.0,2707.8,8.0439,39.5889,315,36084967,78949
boa-hierarchical-evaluation-cancellation,glm-nothink,run4,0,1784204189.291,1784206459.563,2270.3,2053.5,1718.4,5.4139,25.123,246,22799231,55486
cattrs-partial-structuring-recovery,glm-nothink,run1,0,1784205897.470,1784206669.743,772.3,537.0,321.0,0.8442,4.6934,155,13156164,40886
cattrs-partial-structuring-recovery,glm-nothink,run2,0,1784206553.201,1784207263.949,710.7,662.4,441.9,1.0221,6.4611,161,10872212,40195
cattrs-partial-structuring-recovery,glm-nothink,run3,0,1784207094.211,1784207725.067,630.9,582.6,400.7,1.5037,5.8585,116,10457398,31541
cattrs-partial-structuring-recovery,glm-nothink,run4,0,1784207333.918,1784208563.225,1229.3,1182.6,767.4,2.3124,11.2197,182,15779532,44572
clack-async-autocomplete-options,glm-nothink,run1,1,1784207738.918,1784208519.251,780.3,712.1,462.0,1.3233,6.7541,135,9878453,48868
clack-async-autocomplete-options,glm-nothink,run2,0,1784208064.575,1784209682.393,1617.8,1550.1,1203.7,3.7922,17.5978,192,15183273,49427
clack-async-autocomplete-options,glm-nothink,run3,0,1784208295.533,1784208982.197,686.7,619.8,351.3,1.0266,5.1367,154,10516303,42340
clack-async-autocomplete-options,glm-nothink,run4,0,1784208715.603,1784209648.297,932.7,864.2,589.4,1.8262,8.6167,150,15052676,83586
claude-code-by-agents-recursive-delegation,glm-nothink,run1,0,1784208982.208,1784209470.159,488.0,429.1,266.9,0.8078,3.9028,89,5850846,30468
claude-code-by-agents-recursive-delegation,glm-nothink,run2,0,1784209338.653,1784209891.463,552.8,504.1,366.8,1.2548,5.3624,73,6556743,39108
claude-code-by-agents-recursive-delegation,glm-nothink,run3,0,1784209648.311,1784210272.349,624.0,575.8,419.6,1.5449,6.1342,87,6646173,50531
claude-code-by-agents-recursive-delegation,glm-nothink,run4,0,1784209808.563,1784210518.642,710.1,661.4,491.3,1.75,7.183,89,5645805,40525
cliffy-config-file-parsing,glm-nothink,run1,1,1784210017.852,1784210524.504,506.7,451.4,196.3,0.6568,2.8706,137,10486925,26001
cliffy-config-file-parsing,glm-nothink,run2,0,1784210229.754,1784210731.077,501.3,446.5,180.1,0.5962,2.6334,134,10927496,29661
cliffy-config-file-parsing,glm-nothink,run3,0,1784210524.513,1784211154.392,629.9,574.1,223.2,0.7671,3.2626,174,15339399,36390
cliffy-config-file-parsing,glm-nothink,run4,0,1784211056.524,1784211554.312,497.8,442.7,175.8,0.6062,2.5703,133,11233693,29265
csstree-shorthand-expansion-compression,glm-nothink,run1,0,1784211197.937,1784211657.667,459.7,411.7,205.4,0.6113,3.0025,113,6179782,34980
csstree-shorthand-expansion-compression,glm-nothink,run2,0,1784211554.321,1784211985.521,431.2,383.6,201.3,0.5345,2.9436,105,5204514,38311
csstree-shorthand-expansion-compression,glm-nothink,run3,0,1784211985.529,1784212407.692,422.2,374.9,187.9,0.5188,2.7475,97,5487606,34039
csstree-shorthand-expansion-compression,glm-nothink,run4,0,1784212186.298,1784212805.846,619.5,569.0,244.5,0.7889,3.574,170,10842657,42310
dateutil-rfc5545-timezone-interop,glm-nothink,run1,0,1784214040.310,1784214665.736,625.4,554.9,247.8,0.6328,3.6231,145,8997119,35784
dateutil-rfc5545-timezone-interop,glm-nothink,run2,0,1784214040.317,1784215142.381,1102.1,1033.5,462.2,1.2387,6.7576,248,26283163,64444
dateutil-rfc5545-timezone-interop,glm-nothink,run3,0,1784214665.745,1784215298.269,632.5,578.7,249.1,0.7531,3.6424,145,9228034,39664
dateutil-rfc5545-timezone-interop,glm-nothink,run4,0,1784215008.220,1784215542.757,534.5,480.1,218.4,0.6679,3.1927,128,8604105,37041
expr-try-catch-errors,glm-nothink,run1,0,1784215323.415,1784217375.153,2051.7,1855.9,834.7,2.3685,12.2037,263,36886691,70620
expr-try-catch-errors,glm-nothink,run2,0,1784215649.537,1784217644.395,1994.9,1837.0,1034.5,2.9521,15.1249,226,32964081,72448
expr-try-catch-errors,glm-nothink,run3,0,1784217295.372,1784218719.662,1424.3,1259.8,592.2,1.7571,8.6582,235,30363485,57097
expr-try-catch-errors,glm-nothink,run4,0,1784217597.724,1784218979.145,1381.4,1224.7,677.8,1.9315,9.9091,187,21982561,60666
fastapi-deprecation-response-headers,glm-nothink,run1,0,1784218719.676,1784219436.255,716.6,607.2,270.0,1.0454,3.9475,150,11374522,35127
fastapi-deprecation-response-headers,glm-nothink,run2,0,1784219129.991,1784224632.509,5502.5,6.8,2.4,0.0116,0.0356,4,25764,420
fastapi-deprecation-response-headers,glm-nothink,run3,0,1784219395.429,1784219951.325,555.9,446.4,177.9,0.6439,2.6012,152,7270408,24905
fastapi-deprecation-response-headers,glm-nothink,run4,0,1784219968.695,1784220726.307,757.6,649.1,312.5,1.3786,4.5682,177,13593484,33574
fd-deterministic-multi-key-sorting,glm-nothink,run1,1,1784220190.254,1784220836.548,646.3,593.1,308.4,1.1336,4.509,153,11033099,53342
fd-deterministic-multi-key-sorting,glm-nothink,run2,0,1784220606.568,1784221212.727,606.2,552.0,317.4,1.124,4.6402,125,9565274,40260
fd-deterministic-multi-key-sorting,glm-nothink,run3,1,1784221151.492,1784221692.617,541.1,486.5,208.9,0.8016,3.0539,157,10764796,37779
fd-deterministic-multi-key-sorting,glm-nothink,run4,0,1784221212.736,1784221813.083,600.3,546.4,329.1,1.2143,4.812,117,8550236,36990
kcp-go-multiplexed-kcp-streams,glm-nothink,run1,0,1784221608.083,1784222397.604,789.5,715.9,590.5,1.7102,8.6329,78,3092142,32411
kcp-go-multiplexed-kcp-streams,glm-nothink,run2,0,1784221813.091,1784222645.564,832.5,758.5,609.5,1.7659,8.911,97,3786601,27478
kcp-go-multiplexed-kcp-streams,glm-nothink,run3,0,1784222397.609,1784224034.049,1636.4,1383.3,1074.8,3.7857,15.713,180,11164023,58160
kcp-go-multiplexed-kcp-streams,glm-nothink,run4,0,1784222810.970,1784223687.065,876.1,622.7,516.0,1.5821,7.5443,70,2416251,29865
kombu-single-active-consumer-priority,glm-nothink,run1,0,1784223461.124,1784224672.565,1211.4,1123.9,815.6,3.504,11.9235,168,12979152,44688
kombu-single-active-consumer-priority,glm-nothink,run2,0,1784223781.091,1784224316.975,535.9,447.3,256.0,0.9553,3.7431,107,5937675,27301
kombu-single-active-consumer-priority,glm-nothink,run3,0,1784224316.985,1784224712.183,395.2,269.9,136.4,0.5758,1.9946,93,4496516,23651
kombu-single-active-consumer-priority,glm-nothink,run4,0,1784224581.945,1784225121.275,539.3,450.8,256.7,0.9535,3.7525,129,7633942,33635
kombu-virtual-queue-dead-lettering,glm-nothink,run1,0,1784224827.762,1784225576.561,748.8,660.9,410.6,1.5616,6.0028,159,11296147,47114
kombu-virtual-queue-dead-lettering,glm-nothink,run2,0,1784225134.320,1784225752.674,618.4,526.3,298.5,0.9453,4.3645,142,8730532,40350
kombu-virtual-queue-dead-lettering,glm-nothink,run3,0,1784225477.311,1784226170.786,693.5,606.0,380.4,1.0588,5.5614,139,8466205,39129
kombu-virtual-queue-dead-lettering,glm-nothink,run4,0,1784225758.422,1784226552.545,794.1,703.4,403.9,0.9373,5.9045,172,13596194,39789
koota-deferred-mutation-buffer,glm-nothink,run1,0,1784226020.172,1784226969.502,949.3,897.7,542.5,1.1806,7.9321,191,20658950,59361
koota-deferred-mutation-buffer,glm-nothink,run2,0,1784226267.342,1784227479.864,1212.5,1160.7,698.2,1.5305,10.2085,202,20021116,69482
koota-deferred-mutation-buffer,glm-nothink,run3,0,1784226553.204,1784227471.646,918.4,864.9,488.3,1.0575,7.1386,156,16311139,51643
koota-deferred-mutation-buffer,glm-nothink,run4,0,1784226851.962,1784229365.363,2513.4,2461.8,1201.7,2.9872,17.5683,158,17559564,64236
optique-conditional-option-dependencies,glm-nothink,run1,0,1784227017.925,1784230230.163,3212.2,3097.3,1415.0,3.4062,20.6874,147,21090810,44326
optique-conditional-option-dependencies,glm-nothink,run2,0,1784227571.891,1784233025.412,5453.5,5402.3,2599.2,6.8334,38.0004,126,13130098,44212
optique-conditional-option-dependencies,glm-nothink,run3,0,1784229365.376,1784233974.958,4609.6,4539.5,1677.4,4.4124,24.5244,212,32316301,56435
optique-conditional-option-dependencies,glm-nothink,run4,0,1784232220.887,1784234450.337,2229.4,2131.5,896.7,2.0077,13.1099,216,33019251,74180
psd-tools-blend-range-api,glm-nothink,run1,1,1784232934.913,1784234363.427,1428.5,1357.3,974.2,2.1644,14.2422,127,8351402,46083
psd-tools-blend-range-api,glm-nothink,run2,0,1784233819.930,1784234455.442,635.5,564.7,343.9,0.7868,5.028,115,7452621,26214
psd-tools-blend-range-api,glm-nothink,run3,1,1784234084.038,1784235040.659,956.6,886.2,605.1,1.4733,8.8461,155,13410791,47724
psd-tools-blend-range-api,glm-nothink,run4,0,1784234378.622,1784235201.223,822.6,753.7,474.1,1.1106,6.9312,160,11183647,43963
quill-shared-toolbar-focus,glm-nothink,run1,0,1784234506.976,1784237251.604,2744.6,2632.6,2116.0,4.612,30.9364,266,27825167,91724
quill-shared-toolbar-focus,glm-nothink,run2,0,1784234995.620,1784235748.210,752.6,697.7,447.3,0.9191,6.5402,152,9730333,36192
quill-shared-toolbar-focus,glm-nothink,run3,0,1784235136.397,1784235866.935,730.5,667.4,430.7,0.8384,6.2966,132,10012876,48477
quill-shared-toolbar-focus,glm-nothink,run4,0,1784235663.284,1784236551.441,888.2,832.4,542.2,1.0543,7.9272,166,11252696,43015
superjson-error-stack-serialization,glm-nothink,run1,0,1784236052.922,1784236475.954,423.0,370.2,204.0,0.3957,2.9827,100,4115751,30185
superjson-error-stack-serialization,glm-nothink,run2,0,1784236310.082,1784236794.080,484.0,432.7,306.7,0.6538,4.4837,83,3519192,37906
superjson-error-stack-serialization,glm-nothink,run3,0,1784236610.832,1784237192.582,581.7,526.0,329.4,0.8298,4.8165,122,5840262,41575
superjson-error-stack-serialization,glm-nothink,run4,0,1784236701.741,1784237094.750,393.0,337.7,194.6,0.4409,2.8452,87,3436240,27501
task-task-graph-export,glm-nothink,run1,0,1784236864.309,1784237790.547,926.2,728.1,378.2,0.9481,5.5287,200,17351165,29850
task-task-graph-export,glm-nothink,run2,0,1784237128.648,1784237741.921,613.3,435.2,286.4,0.7096,4.1869,86,5380397,16582
task-task-graph-export,glm-nothink,run3,0,1784237251.619,1784242793.325,5541.7,92.7,69.3,0.1521,1.0134,16,393531,755
task-task-graph-export,glm-nothink,run4,0,1784237790.561,1784238357.242,566.7,414.6,263.6,0.7907,3.8533,90,6287515,19252
yjs-map-conflict-detection,glm-nothink,run1,0,1784238089.184,1784238829.611,740.4,669.2,368.1,0.9714,5.3824,177,12531544,43132
yjs-map-conflict-detection,glm-nothink,run2,1,1784238357.249,1784239050.284,693.0,628.7,391.8,0.9545,5.7284,136,10435278,41388
yjs-map-conflict-detection,glm-nothink,run3,1,1784238619.469,1784239164.254,544.8,479.9,291.1,0.6615,4.2557,105,9163998,28629
yjs-map-conflict-detection,glm-nothink,run4,1,1784239133.798,1784239916.643,782.8,717.4,462.1,1.9484,6.7559,153,15752367,55658
